{
  "project_info": {
    "project_number": "396381632710",
    "firebase_url": "https://smart-w-ee697.firebaseio.com",
    "project_id": "smart-w-ee697",
    "storage_bucket": "smart-w-ee697.appspot.com"
  },
  "client": [
    {
      "client_info": {
        "mobilesdk_app_id": "1:396381632710:android:7bcb09e2274e22735cffc7",
        "android_client_info": {
          "package_name": "com.example.sws_app"
        }
      },
      "oauth_client": [
        {
          "client_id": "396381632710-tjemfph67n83gg7o3573vfak50gv4e4h.apps.googleusercontent.com",
          "client_type": 3
        }
      ],
      "api_key": [
        {
          "current_key": "AIzaSyB3fcy5J3B166caEr3Pz3KYEtT2hzvuIMw"
        }
      ],
      "services": {
        "appinvite_service": {
          "other_platform_oauth_client": [
            {
              "client_id": "396381632710-tjemfph67n83gg7o3573vfak50gv4e4h.apps.googleusercontent.com",
              "client_type": 3
            }
          ]
        }
      }
    }
  ],
  "configuration_version": "1"
}